units,drops,mode
158,0.3780319180993137,relu
66,0.291050327172688,relu
198,0.29177543931414857,relu
46,0.4358646509026605,relu
