acc,auc,f1,params,fitness
0.871967654986523,0.9409879665155215,0.8689655172413793,130739,2.5511821387434237
