units,drops,mode
163,0.457584340691931,leaky
37,0.2370725799423699,leaky
382,0.4533037485442123,leaky
495,0.03464888148555961,leaky
