acc,auc,f1,params,fitness
0.8557951482479784,0.9388007208464133,0.8524137931034482,312610,2.33439966219784
