units,drops,mode
490,0.3972604531233189,leaky
77,0.17235339300257949,leaky
213,0.15338731994870175,leaky
388,0.11094503819259084,leaky
