acc,auc,f1,params,fitness
0.8854447439353099,0.9479711661434717,0.8834019204389575,436514,2.2803038305177394
