units,drops,mode
300,0.24850039276357125,selu
146,0.2523414506736795,selu
87,0.17645681922000195,selu
160,0.19622737790612976,selu
