acc,auc,f1,params,fitness
0.8221024258760108,0.9019736077200324,0.8058823529411765,247376,2.2825823865372197
