units,drops,mode
272,0.25640774150176254,selu
147,0.25345452898397863,selu
94,0.17754334444054698,selu
144,0.22198054530548655,selu
