acc,auc,f1,params,fitness
0.816711590296496,0.9127281711428904,0.7920489296636085,228348,2.293140691102995
