units,drops,mode
338,0.4066988444267947,mixed
495,0.06745119056703802,mixed
460,0.08304810362319082,mixed
438,0.30383185007418906,mixed
318,0.32450693598718033,mixed
