acc,auc,f1,params,fitness
0.8746630727762803,0.9518587954888966,0.8748317631224765,952518,1.7488356313876534
