units,drops,mode
165,0.4445620548430642,leaky
32,0.2307727983199117,leaky
382,0.456199804834285,leaky
495,0.030565206295662003,leaky
