acc,auc,f1,params,fitness
0.8517520215633423,0.9288309498895477,0.8513513513513513,311460,2.3204743228042415
