units,drops,mode
176,0.3540860443226408,relu
64,0.29108523008813664,relu
198,0.31045775888373855,relu
53,0.43576840307618814,relu
