acc,auc,f1,params,fitness
0.8477088948787062,0.930436867806069,0.8419580419580419,143419,2.476684804642817
