units,drops,mode
239,0.22333991870655082,mixed
102,0.44189964642962587,mixed
321,0.3839329297525812,mixed
150,0.22917481905069487,mixed
