acc,auc,f1,params,fitness
0.8463611859838275,0.935748750145332,0.8343023255813954,244277,2.372135261710555
