units,drops,mode
338,0.3942217768437327,mixed
492,0.06812638262672688,mixed
449,0.10177591176454859,mixed
430,0.29925118863138866,mixed
316,0.3082322859222064,mixed
