acc,auc,f1,params,fitness
0.876010781671159,0.9496352168352518,0.8743169398907104,929734,1.7702289383971213
