units,drops,mode
251,0.16626224168255718,relu
39,0.4747248672636958,relu
69,0.12855924575676345,relu
204,0.16829138924449485,relu
42,0.45123919382949135,relu
