acc,auc,f1,params,fitness
0.8652291105121294,0.9384809905824903,0.8607242339832869,184274,2.480160335077907
