units,drops,mode
112,0.36392214871216627,selu
66,0.31188592374838486,selu
411,0.5,selu
140,0.0736971590061356,selu
391,0.4890091447743565,selu
