acc,auc,f1,params,fitness
0.8086253369272237,0.8951357400302291,0.8116710875331565,213382,2.302050164490609
